timestamp,equity,position,price,sentiment
2026-01-05 03:00:00,100000.0,0.0,92878.22,0.5
2026-01-05 04:00:00,100000.0,0.0,92595.07,0.5
2026-01-05 05:00:00,100000.0,0.0,92359.99,0.5
2026-01-05 06:00:00,100000.0,0.0,92491.81,0.5
2026-01-05 07:00:00,100000.0,0.0,92520.63,0.5
2026-01-05 08:00:00,100000.0,0.0,92467.53,0.5
2026-01-05 09:00:00,100000.0,0.0,92688.6,0.5
2026-01-05 10:00:00,100000.0,0.0,93080.0,0.5
2026-01-05 11:00:00,100000.0,0.0,93134.26,0.5
2026-01-05 12:00:00,100000.0,0.0,92874.28,0.46475800154488994
2026-01-05 13:00:00,100000.0,0.0,92742.74,0.426401432711221
2026-01-05 14:00:00,100000.0,0.0,93428.0,0.39641248358604614
2026-01-05 15:00:00,100000.0,0.0,93957.73,0.3721042037676251
2026-01-05 16:00:00,100000.0,0.0,93701.31,0.0
2026-01-05 17:00:00,100000.0,0.0,94317.84,0.009025579350583506
2026-01-05 18:00:00,100000.0,0.0,94449.62,0.016986619041407965
2026-01-05 19:00:00,100000.0,0.0,94303.4,0.02407895554904147
2026-01-05 20:00:00,100000.0,0.0,94177.99,0.030451130362714286
2026-01-05 21:00:00,100000.0,0.0,94095.78,0.03621819306466673
2026-01-05 22:00:00,100000.0,0.0,94171.22,0.04147086472060355
2026-01-05 23:00:00,100000.0,0.0,93859.71,0.046281802880624126
2026-01-06 00:00:00,100000.0,0.0,93816.7,0.05070999528806284
2026-01-06 01:00:00,100000.0,0.0,93771.82,1.0
2026-01-06 02:00:00,100000.0,0.0,93620.6,0.8181419135321745
2026-01-06 03:00:00,100000.0,0.0,93769.24,0.7176781064505838
2026-01-06 04:00:00,100000.0,0.0,93801.07,0.6517562259573322
2026-01-06 05:00:00,100000.0,0.0,93599.99,0.6042513537767288
2026-01-06 06:00:00,100000.0,0.0,93780.01,0.5679260203147725
2026-01-06 07:00:00,100000.0,0.0,93255.08,0.5389856195194155
2026-01-06 08:00:00,100000.0,0.0,93240.17,0.2730938074683138
2026-01-06 09:00:00,100000.0,0.0,93462.72,0.2619944795275341
2026-01-06 10:00:00,100000.0,0.0,93579.56,0.250944246374556
2026-01-06 11:00:00,100000.0,0.0,93840.0,0.23985465348778962
2026-01-06 12:00:00,100000.0,0.0,93872.16,0.22862594044201337
2026-01-06 13:00:00,100000.0,0.0,93716.53,0.21713990035037076
2026-01-06 14:00:00,100000.0,0.0,93836.81,0.21150160216371736
2026-01-06 15:00:00,100000.0,0.0,93648.99,0.2058936014106394
2026-01-06 16:00:00,100000.0,0.0,92692.32,0.20886808744241633
2026-01-06 17:00:00,100000.0,0.0,91589.24,0.2030002301244258
2026-01-06 18:00:00,100000.0,0.0,92034.09,0.1971451136502515
2026-01-06 19:00:00,100000.0,0.0,92104.5,0.19129197161786823
2026-01-06 20:00:00,100000.0,0.0,92505.32,0.18542984642147775
2026-01-06 21:00:00,100000.0,0.0,93258.05,0.1795474786162596
2026-01-06 22:00:00,100000.0,0.0,93362.68,0.16840155826563444
2026-01-06 23:00:00,100000.0,0.0,93747.97,0.15660398671532075
2026-01-07 00:00:00,100000.0,0.0,92709.52,0.14393642693024383
2026-01-07 01:00:00,100000.0,0.0,92435.35,0.0
2026-01-07 02:00:00,100000.0,0.0,92949.77,0.0
2026-01-07 03:00:00,100000.0,0.0,92815.83,0.0
2026-01-07 04:00:00,100000.0,0.0,92670.29,0.0
2026-01-07 05:00:00,100000.0,0.0,92529.54,0.0
2026-01-07 06:00:00,100000.0,0.0,92614.84,0.0
2026-01-07 07:00:00,100000.0,0.0,92879.13,0.018855320223173214
2026-01-07 08:00:00,100000.0,0.0,92718.9,0.03506691189822619
2026-01-07 09:00:00,100000.0,0.0,91716.14,0.0
2026-01-07 10:00:00,100000.0,0.0,91975.31,0.035346648825345404
2026-01-07 11:00:00,100000.0,0.0,92087.21,0.062355717215714535
2026-01-07 12:00:00,100000.0,0.0,91997.86,0.08309669579120216
2026-01-07 13:00:00,100000.0,0.0,92044.67,0.09853659692582088
2026-01-07 14:00:00,100000.0,0.0,91959.04,0.1239941428034603
2026-01-07 15:00:00,100000.0,0.0,91349.96,0.1455867313827221
2026-01-07 16:00:00,100000.0,0.0,91264.54,0.16430126068502102
2026-01-07 17:00:00,100000.0,0.0,91252.14,0.555808261268307
2026-01-07 18:00:00,100000.0,0.0,90901.39,0.5560451755308884
2026-01-07 19:00:00,100000.0,0.0,91186.07,0.5562825953195387
2026-01-07 20:00:00,100000.0,0.0,91047.49,0.5565205228484111
2026-01-07 21:00:00,100000.0,0.0,91089.5,0.5567589603450859
2026-01-07 22:00:00,100000.0,0.0,91180.85,0.557439027706026
2026-01-07 23:00:00,100000.0,0.0,91364.16,0.5581233121367724
2026-01-08 00:00:00,100000.0,0.0,91394.71,0.5588118671198251
2026-01-08 01:00:00,100000.0,0.0,91428.4,0.24691288720494978
2026-01-08 02:00:00,100000.0,0.0,90956.49,0.256974500959345
2026-01-08 03:00:00,100000.0,0.0,90813.4,0.2665653871193568
2026-01-08 04:00:00,100000.0,0.0,91022.75,0.27578215763734915
2026-01-08 05:00:00,100000.0,0.0,90829.58,0.28471277972775383
2026-01-08 06:00:00,100000.0,0.0,89898.01,0.29344123563047475
2026-01-08 07:00:00,100000.0,0.0,90548.02,0.2983697928577154
2026-01-08 08:00:00,100000.0,0.0,90227.25,0.22927822625741942
2026-01-08 09:00:00,100000.0,0.0,90010.0,0.23864876209408178
2026-01-08 10:00:00,100000.0,0.0,90410.1,0.24745492150533033
2026-01-08 11:00:00,100000.0,0.0,90226.77,0.25577681453452034
2026-01-08 12:00:00,100000.0,0.0,89989.21,0.2636815345174173
2026-01-08 13:00:00,100000.0,0.0,89962.14,0.27122599756826027
2026-01-08 14:00:00,100000.0,0.0,90024.01,0.2784590948508076
2026-01-08 15:00:00,100000.0,0.0,90781.57,0.2784590948508075
2026-01-08 16:00:00,100000.0,0.0,90926.84,0.47036365063919844
2026-01-08 17:00:00,100000.0,0.0,91366.39,0.4642258120808337
2026-01-08 18:00:00,100000.0,0.0,91117.35,0.4580855252490431
2026-01-08 19:00:00,100000.0,0.0,90937.41,0.4519136279406438
2026-01-08 20:00:00,100000.0,0.0,90927.62,0.44567858669525523
2026-01-08 21:00:00,100000.0,0.0,91272.96,0.4393454332830587
2026-01-08 22:00:00,100000.0,0.0,91231.9,0.4328743992596364
2026-01-08 23:00:00,100000.0,0.0,91099.99,0.44154058882039005
2026-01-09 00:00:00,100000.0,0.0,91290.33,0.45109340319549857
2026-01-09 01:00:00,100000.0,0.0,91056.19,0.9425056590172096
2026-01-09 02:00:00,100000.0,0.0,91038.38,0.8695741768878552
2026-01-09 03:00:00,100000.0,0.0,91220.23,0.8176621325873633
2026-01-09 04:00:00,100000.0,0.0,91012.8,0.7781078591967755
2026-01-09 05:00:00,100000.0,0.0,91091.82,0.7465498986130742
2026-01-09 06:00:00,100000.0,0.0,91137.58,0.7205198117414394
2026-01-09 07:00:00,100000.0,0.0,90741.84,0.6918964843784988
2026-01-09 08:00:00,100000.0,0.0,90033.52,0.34486141877825
2026-01-09 09:00:00,100000.0,0.0,90338.46,0.34293555623028854
2026-01-09 10:00:00,100000.0,0.0,90485.87,0.34098362336622096
2026-01-09 11:00:00,100000.0,0.0,90463.11,0.33900439184046
2026-01-09 12:00:00,100000.0,0.0,90449.23,0.33699656753426227
2026-01-09 13:00:00,100000.0,0.0,90607.66,0.3349587854883599
2026-01-09 14:00:00,100000.0,0.0,90150.0,0.3307851449947056
2026-01-09 15:00:00,100000.0,0.0,91176.47,0.32645219258812747
2026-01-09 16:00:00,100000.0,0.0,91623.89,0.3506720322392745
2026-01-09 17:00:00,100000.0,0.0,91422.23,0.5699750125520798
2026-01-09 18:00:00,100000.0,0.0,90820.31,0.5591352262876231
2026-01-09 19:00:00,100000.0,0.0,90332.15,0.548931874729055
2026-01-09 20:00:00,100000.0,0.0,90303.36,0.5392516348032647
2026-01-09 21:00:00,100000.0,0.0,90541.97,0.5299986702966759
2026-01-09 22:00:00,100000.0,0.0,90630.08,0.5217327181486939
2026-01-09 23:00:00,100000.0,0.0,90641.28,0.5137480954207776
2026-01-10 00:00:00,100000.0,0.0,90600.0,0.2977711111778702
2026-01-10 01:00:00,100000.0,0.0,90688.0,0.2962514599382544
2026-01-10 02:00:00,100000.0,0.0,90697.17,0.2947115858231887
2026-01-10 03:00:00,100000.0,0.0,90626.14,0.293150836035479
2026-01-10 04:00:00,100000.0,0.0,90448.3,0.29156852954102513
2026-01-10 05:00:00,100000.0,0.0,90603.52,0.30765221690068195
2026-01-10 06:00:00,100000.0,0.0,90505.47,0.30592534745169975
2026-01-10 07:00:00,100000.0,0.0,90678.5,0.3151053634063044
2026-01-10 08:00:00,100000.0,0.0,90661.95,0.3241956196712485
2026-01-10 09:00:00,100000.0,0.0,90768.96,0.2420552980766632
2026-01-10 10:00:00,100000.0,0.0,90828.0,0.2517473149607894
2026-01-10 11:00:00,100000.0,0.0,90723.86,0.26025265136830034
2026-01-10 12:00:00,100000.0,0.0,90733.71,0.267316064707306
2026-01-10 13:00:00,100000.0,0.0,90656.51,0.27227279969427604
2026-01-10 14:00:00,100000.0,0.0,90591.01,0.2736584982202164
2026-01-10 15:00:00,100000.0,0.0,90665.75,0.27502883945156464
2026-01-10 16:00:00,100000.0,0.0,90676.66,0.2763841879999529
2026-01-10 17:00:00,100000.0,0.0,90544.96,0.3613977197607692
2026-01-10 18:00:00,100000.0,0.0,90595.62,0.3588533185843729
2026-01-10 19:00:00,100000.0,0.0,90626.54,0.35626230590898605
2026-01-10 20:00:00,100000.0,0.0,90572.86,0.3536219664121984
2026-01-10 21:00:00,100000.0,0.0,90510.74,0.3509293931577117
2026-01-10 22:00:00,100000.0,0.0,90427.76,0.3481814685797199
2026-01-10 23:00:00,100000.0,0.0,90504.7,0.3575698761040247
2026-01-11 00:00:00,100000.0,0.0,90640.44,0.36746229140283615
2026-01-11 01:00:00,100000.0,0.0,90628.23,0.19464039262311292
2026-01-11 02:00:00,100000.0,0.0,90699.0,0.19930432414761146
2026-01-11 03:00:00,100000.0,0.0,90733.5,0.198225408326675
2026-01-11 04:00:00,100000.0,0.0,90785.48,0.1852099542727425
2026-01-11 05:00:00,100000.0,0.0,90774.43,0.13247568876538188
2026-01-11 06:00:00,100000.0,0.0,90744.0,0.15456424370685656
2026-01-11 07:00:00,100000.0,0.0,90710.79,0.17370092196810977
2026-01-11 08:00:00,100000.0,0.0,90790.01,0.3070177204227927
2026-01-11 09:00:00,100000.0,0.0,90740.02,0.7758179171243854
2026-01-11 10:00:00,100000.0,0.0,90736.67,0.7578548537766187
2026-01-11 11:00:00,100000.0,0.0,90754.99,0.741847778712662
2026-01-11 12:00:00,100000.0,0.0,90938.13,0.7924799210842327
2026-01-11 13:00:00,100000.0,0.0,90849.45,0.7032530765255687
2026-01-11 14:00:00,100000.0,0.0,91127.16,0.8221802568746824
2026-01-11 15:00:00,100000.0,0.0,90875.79,0.6509046897522568
2026-01-11 16:00:00,100000.0,0.0,91039.15,0.9157769578793553
2026-01-11 17:00:00,100000.0,0.0,90986.68,0.8336780973257604
2026-01-11 18:00:00,100000.0,0.0,90886.68,0.7762444864633431
2026-01-11 19:00:00,100000.0,0.0,90690.8,0.7321815112157021
2026-01-11 20:00:00,100000.0,0.0,90708.26,0.6966855540708904
2026-01-11 21:00:00,100000.0,0.0,90757.06,0.6671204349961883
2026-01-11 22:00:00,100000.0,0.0,90526.02,0.6418575209468392
2026-01-11 23:00:00,100000.0,0.0,91013.65,0.6203165939431747
2026-01-12 00:00:00,100000.0,0.0,91258.65,0.7572545429444075
2026-01-12 01:00:00,100000.0,0.0,91412.44,0.7463044975976196
2026-01-12 02:00:00,100000.0,0.0,92203.56,0.7195584077930377
2026-01-12 03:00:00,100000.0,0.0,91808.12,0.5456793201941423
2026-01-12 04:00:00,100000.0,0.0,92175.78,0.5329501291749351
2026-01-12 05:00:00,100000.0,0.0,92111.86,0.5209894246021163
2026-01-12 06:00:00,100000.0,0.0,91836.34,0.5096714002872057
2026-01-12 07:00:00,100000.0,0.0,91408.09,0.49844114995765093
2026-01-12 08:00:00,100000.0,0.0,90752.27,0.40954180436624993
2026-01-12 09:00:00,100000.0,0.0,90685.64,0.39828372588460725
2026-01-12 10:00:00,100000.0,0.0,90433.46,0.3861180041565841
2026-01-12 11:00:00,100000.0,0.0,90620.96,0.372497130572375
2026-01-12 12:00:00,100000.0,0.0,90789.37,0.35638072894318884
2026-01-12 13:00:00,100000.0,0.0,90636.01,0.3353467478716651
2026-01-12 14:00:00,100000.0,0.0,90908.95,0.30114270233215373
2026-01-12 15:00:00,100000.0,0.0,91665.0,0.28868629303924737
2026-01-12 16:00:00,100000.0,0.0,92123.52,0.0
2026-01-12 17:00:00,100000.0,0.0,91522.83,0.0
2026-01-12 18:00:00,100000.0,0.0,91691.8,0.0
2026-01-12 19:00:00,100000.0,0.0,91861.27,0.0
2026-01-12 20:00:00,100000.0,0.0,91484.86,0.0
2026-01-12 21:00:00,100000.0,0.0,91055.17,0.0
2026-01-12 22:00:00,100000.0,0.0,91244.99,0.029632699114222373
2026-01-12 23:00:00,100000.0,0.0,91296.2,0.054816712123641746
2026-01-13 00:00:00,100000.0,0.0,91482.74,0.07667180857428488
2026-01-13 01:00:00,100000.0,0.0,91185.35,0.47149967781854335
2026-01-13 02:00:00,100000.0,0.0,91118.3,0.47625354421184757
2026-01-13 03:00:00,100000.0,0.0,91408.91,0.4811934924592338
2026-01-13 04:00:00,100000.0,0.0,91515.16,0.48633689162973187
2026-01-13 05:00:00,100000.0,0.0,91920.99,0.5370539014535985
2026-01-13 06:00:00,100000.0,0.0,92184.36,0.540308905289921
2026-01-13 07:00:00,100000.0,0.0,91942.0,0.5478208461820734
2026-01-13 08:00:00,100000.0,0.0,92165.9,0.5526211116826333
2026-01-13 09:00:00,100000.0,0.0,92269.42,0.0
2026-01-13 10:00:00,100000.0,0.0,92128.62,0.0699781421629586
2026-01-13 11:00:00,100000.0,0.0,92000.74,0.14732917130421622
2026-01-13 12:00:00,100000.0,0.0,92109.35,0.19982930750114844
2026-01-13 13:00:00,100000.0,0.0,92076.12,0.23871386623244786
2026-01-13 14:00:00,100000.0,0.0,92462.03,0.33531531293051425
2026-01-13 15:00:00,100000.0,0.0,93449.99,0.36748413314345696
2026-01-13 16:00:00,100000.0,0.0,93389.63,0.3176767832923602
2026-01-13 17:00:00,100000.0,0.0,93241.99,0.6495561028138435
2026-01-13 18:00:00,100000.0,0.0,93633.71,0.6685128138253856
2026-01-13 19:00:00,100000.0,0.0,94226.84,0.6790056031220113
2026-01-13 20:00:00,100000.0,0.0,94408.7,0.7205309889829326
2026-01-13 21:00:00,100000.0,0.0,94087.23,0.654802991572695
2026-01-13 22:00:00,100000.0,0.0,95757.21,0.8037591800488756
2026-01-13 23:00:00,100000.0,0.0,95414.0,0.6496784650969473
2026-01-14 00:00:00,100000.0,0.0,95236.84,0.8043613138424831
2026-01-14 01:00:00,100000.0,0.0,95245.6,0.788192022965996
2026-01-14 02:00:00,100000.0,0.0,95347.46,0.7738693356421982
2026-01-14 03:00:00,100000.0,0.0,95720.99,0.7610206174827268
2026-01-14 04:00:00,100000.0,0.0,95245.16,0.7493691756186195
2026-01-14 05:00:00,100000.0,0.0,95005.0,0.7387044036722018
2026-01-14 06:00:00,100000.0,0.0,95028.87,0.7288625393287285
2026-01-14 07:00:00,100000.0,0.0,95205.1,0.7235087781721112
2026-01-14 08:00:00,100000.0,0.0,94900.01,0.7183943141248952
2026-01-14 09:00:00,100000.0,0.0,95088.24,0.6213840908859033
2026-01-14 10:00:00,100000.0,0.0,95091.75,0.621784270385955
2026-01-14 11:00:00,100000.0,0.0,94792.99,0.6221855330816465
2026-01-14 12:00:00,100000.0,0.0,95077.56,0.6225878899707523
2026-01-14 13:00:00,100000.0,0.0,94998.19,0.6229913521662979
2026-01-14 14:00:00,100000.0,0.0,96493.15,0.7025545114853529
2026-01-14 15:00:00,100000.0,0.0,96764.57,0.7074442807546373
2026-01-14 16:00:00,100000.0,0.0,97293.24,0.674353424508393
2026-01-14 17:00:00,100000.0,0.0,96956.07,0.5243805819390076
2026-01-14 18:00:00,100000.0,0.0,96806.55,0.5113730273894578
2026-01-14 19:00:00,100000.0,0.0,97267.42,0.4953329042204531
2026-01-14 20:00:00,100000.0,0.0,97655.28,0.47442747387542245
2026-01-14 21:00:00,100000.0,0.0,97564.0,0.44298281535751477
2026-01-14 22:00:00,100000.0,0.0,96878.34,0.38544789793693096
2026-01-14 23:00:00,100000.0,0.0,96951.78,0.3897585236563545
2026-01-15 00:00:00,100000.0,0.0,96658.03,0.8112491202022518
2026-01-15 01:00:00,100000.0,0.0,96445.31,0.7922502653609834
2026-01-15 02:00:00,100000.0,0.0,96339.91,0.775655451937064
2026-01-15 03:00:00,100000.0,0.0,95985.1,0.7609194811008885
2026-01-15 04:00:00,100000.0,0.0,96316.27,0.7476509456572416
2026-01-15 05:00:00,100000.0,0.0,96429.71,0.7355596618860325
2026-01-15 06:00:00,100000.0,0.0,96243.78,0.7325499236932183
2026-01-15 07:00:00,100000.0,0.0,96630.48,0.7296215268276485
2026-01-15 08:00:00,100000.0,0.0,96643.0,0.7267702085749741
2026-01-15 09:00:00,100000.0,0.0,97040.75,0.5484795018453192
2026-01-15 10:00:00,100000.0,0.0,96818.68,0.5530831095230296
2026-01-15 11:00:00,100000.0,0.0,96581.08,0.5577903907771816
2026-01-15 12:00:00,100000.0,0.0,96981.65,0.5626212901179628
2026-01-15 13:00:00,100000.0,0.0,96846.75,0.5675986377251527
2026-01-15 14:00:00,100000.0,0.0,96063.43,0.5727488939566127
2026-01-15 15:00:00,100000.0,0.0,96737.04,0.5704302592514278
2026-01-15 16:00:00,100000.0,0.0,96738.51,0.5681010839874904
2026-01-15 17:00:00,100000.0,0.0,96636.35,0.5861368286590216
2026-01-15 18:00:00,100000.0,0.0,95835.0,0.5831393452733821
2026-01-15 19:00:00,100000.0,0.0,95516.01,0.5801305532672759
2026-01-15 20:00:00,100000.0,0.0,95260.67,0.61424469750541
2026-01-15 21:00:00,100000.0,0.0,95584.35,0.6406764662196891
2026-01-15 22:00:00,100000.0,0.0,95583.87,0.6476863502359143
2026-01-15 23:00:00,100000.0,0.0,95604.8,0.6384003082012267
2026-01-16 00:00:00,100000.0,0.0,95633.5,0.08377984034043381
2026-01-16 01:00:00,100000.0,0.0,95664.18,0.15485198363740596
2026-01-16 02:00:00,100000.0,0.0,95504.4,0.2063400565307841
2026-01-16 03:00:00,100000.0,0.0,95354.69,0.24602469919230793
2026-01-16 04:00:00,100000.0,0.0,95261.29,0.28059165376661827
2026-01-16 05:00:00,100000.0,0.0,95660.37,0.31465223372975337
2026-01-16 06:00:00,100000.0,0.0,95741.21,0.3621359137591944
2026-01-16 07:00:00,100000.0,0.0,95653.16,0.3883691605897908
2026-01-16 08:00:00,100000.0,0.0,95676.0,0.4110357302397703
2026-01-16 09:00:00,100000.0,0.0,95613.53,0.430657995719507
2026-01-16 10:00:00,100000.0,0.0,95307.35,0.4480434369545331
2026-01-16 11:00:00,100000.0,0.0,95429.09,0.46362540187753004
2026-01-16 12:00:00,100000.0,0.0,95458.55,0.4777156184929752
2026-01-16 13:00:00,100000.0,0.0,95448.87,0.4905360184456575
2026-01-16 14:00:00,100000.0,0.0,95192.36,0.5022347883082328
2026-01-16 15:00:00,100000.0,0.0,94585.98,0.5145881933972917
2026-01-16 16:00:00,100000.0,0.0,94872.55,0.5262452062078212
2026-01-16 17:00:00,100000.0,0.0,95076.08,0.8569755639356588
2026-01-16 18:00:00,100000.0,0.0,95001.19,0.8601416857668703
2026-01-16 19:00:00,100000.0,0.0,95002.09,0.8633921563125491
2026-01-16 20:00:00,100000.0,0.0,95553.6,0.8667316884040244
2026-01-16 21:00:00,100000.0,0.0,95523.52,0.8701653686050944
2026-01-16 22:00:00,100000.0,0.0,95514.0,0.8736986965653551
2026-01-16 23:00:00,100000.0,0.0,95550.94,0.878542301249959
2026-01-17 00:00:00,100000.0,0.0,95465.97,1.0
2026-01-17 01:00:00,100000.0,0.0,95399.93,0.985682023918397
2026-01-17 02:00:00,100000.0,0.0,95371.35,0.9726351970235413
2026-01-17 03:00:00,100000.0,0.0,95372.95,0.9606707740521371
2026-01-17 04:00:00,100000.0,0.0,95303.64,0.9496371510414398
2026-01-17 05:00:00,100000.0,0.0,95323.67,0.9394109481591315
2026-01-17 06:00:00,100000.0,0.0,95240.07,0.9183505156782293
2026-01-17 07:00:00,100000.0,0.0,95101.67,0.8998470579882103
2026-01-17 08:00:00,100000.0,0.0,95247.51,0.7161533293492657
2026-01-17 09:00:00,100000.0,0.0,95260.65,0.7088946610477451
2026-01-17 10:00:00,100000.0,0.0,95116.48,0.7014954631245046
2026-01-17 11:00:00,100000.0,0.0,95323.86,0.6938972895304386
2026-01-17 12:00:00,100000.0,0.0,95251.15,0.6860296826090806
2026-01-17 13:00:00,100000.0,0.0,95438.32,0.6491356055540228
2026-01-17 14:00:00,100000.0,0.0,95471.18,0.6378865452690623
2026-01-17 15:00:00,100000.0,0.0,95573.64,0.6891928672310486
2026-01-17 16:00:00,100000.0,0.0,95315.23,0.6166136409061254
2026-01-17 17:00:00,100000.0,0.0,95357.24,0.6067583419635416
2026-01-17 18:00:00,100000.0,0.0,95428.25,0.5927796207716653
2026-01-17 19:00:00,100000.0,0.0,95291.38,0.5762732888793981
2026-01-17 20:00:00,100000.0,0.0,95378.18,0.5557618547253751
2026-01-17 21:00:00,100000.0,0.0,95302.94,0.528177036618035
2026-01-17 22:00:00,100000.0,0.0,95170.97,0.4855348804151874
2026-01-17 23:00:00,100000.0,0.0,95147.77,0.488729000139263
2026-01-18 00:00:00,100000.0,0.0,95112.47,0.4918612836170395
2026-01-18 01:00:00,100000.0,0.0,94966.9,0.4233459009558867
2026-01-18 02:00:00,100000.0,0.0,95022.01,0.43112773923819564
2026-01-18 03:00:00,100000.0,0.0,95200.29,0.4385335899338233
2026-01-18 04:00:00,100000.0,0.0,95095.68,0.44560191502933877
2026-01-18 05:00:00,100000.0,0.0,95188.55,0.4523661660653502
2026-01-18 06:00:00,100000.0,0.0,95171.43,0.46305828207257477
2026-01-18 07:00:00,100000.0,0.0,95028.27,0.4731147307608695
2026-01-18 08:00:00,100000.0,0.0,95183.93,0.0
2026-01-18 09:00:00,100000.0,0.0,95275.73,0.12324682651051118
2026-01-18 10:00:00,100000.0,0.0,95180.66,0.199085292744826
2026-01-18 11:00:00,100000.0,0.0,95168.06,0.2517181901393195
2026-01-18 12:00:00,100000.0,0.0,95113.25,0.29081246316300696
2026-01-18 13:00:00,100000.0,0.0,95146.82,0.3210329908118871
2026-01-18 14:00:00,100000.0,0.0,94955.79,0.3535567588451263
2026-01-18 15:00:00,100000.0,0.0,95119.28,0.3803781355550618
2026-01-18 16:00:00,100000.0,0.0,95169.35,0.5731887599677841
2026-01-18 17:00:00,100000.0,0.0,95274.36,0.5801056035707186
2026-01-18 18:00:00,100000.0,0.0,95439.6,0.6433438091360905
2026-01-18 19:00:00,100000.0,0.0,95380.99,0.5936954343291034
2026-01-18 20:00:00,100000.0,0.0,95304.01,0.6004340814180923
2026-01-18 21:00:00,100000.0,0.0,95430.44,0.6071804189863136
2026-01-18 22:00:00,100000.0,0.0,95498.61,0.6643402753682475
2026-01-18 23:00:00,100000.0,0.0,93673.14,0.6208932793195969
2026-01-19 00:00:00,100000.0,0.0,92711.02,0.6279505832950516
2026-01-19 01:00:00,100000.0,0.0,92586.65,0.8368283323803755
2026-01-19 02:00:00,100000.0,0.0,92566.8,0.8390844016221727
2026-01-19 03:00:00,100000.0,0.0,92690.09,0.8413865003380587
2026-01-19 04:00:00,100000.0,0.0,92665.0,0.8437365303844823
2026-01-19 05:00:00,100000.0,0.0,92511.77,0.8461365049682276
2026-01-19 06:00:00,100000.0,0.0,92583.27,0.8485885572357252
2026-01-19 07:00:00,100000.0,0.0,92841.62,0.8484464892658952
2026-01-19 08:00:00,100000.0,0.0,93259.09,0.8483045939122399
2026-01-19 09:00:00,100000.0,0.0,93060.06,0.9436986829984677
2026-01-19 10:00:00,100000.0,0.0,93064.88,0.9335787044024354
2026-01-19 11:00:00,100000.0,0.0,93191.96,0.924178574873131
2026-01-19 12:00:00,100000.0,0.0,93070.6,0.9154089764874813
2026-01-19 13:00:00,100000.0,0.0,93031.86,0.9071953801970843
2026-01-19 14:00:00,100000.0,0.0,92812.43,0.8922451130758937
2026-01-19 15:00:00,100000.0,0.0,93068.62,0.8789305459694537
2026-01-19 16:00:00,100000.0,0.0,93301.86,0.867034282699788
2026-01-19 17:00:00,100000.0,0.0,93242.99,0.8221562288040296
2026-01-19 18:00:00,100000.0,0.0,93065.84,0.8134257850405249
2026-01-19 19:00:00,100000.0,0.0,93105.85,0.8055357618691493
2026-01-19 20:00:00,100000.0,0.0,93141.94,0.7987566907561985
2026-01-19 21:00:00,100000.0,0.0,93003.42,0.7938229371295658
2026-01-19 22:00:00,100000.0,0.0,92565.78,0.7846454263421478
2026-01-19 23:00:00,100000.0,0.0,92631.0,0.7756200018196607
2026-01-20 00:00:00,100000.0,0.0,92717.9,0.7666544687822751
2026-01-20 01:00:00,100000.0,0.0,92716.48,0.10709876572175396
2026-01-20 02:00:00,100000.0,0.0,92552.16,0.17736924274116775
2026-01-20 03:00:00,100000.0,0.0,92434.92,0.2285508435837862
2026-01-20 04:00:00,100000.0,0.0,92062.61,0.2681243489500969
2026-01-20 05:00:00,100000.0,0.0,91624.18,0.30001378792098826
2026-01-20 06:00:00,100000.0,0.0,90929.98,0.32650317701322373
2026-01-20 07:00:00,100000.0,0.0,91177.98,0.35757173993868896
2026-01-20 08:00:00,100000.0,0.0,91116.0,0.38335417227255364
2026-01-20 09:00:00,100000.0,0.0,91036.25,0.561194010097527
2026-01-20 10:00:00,100000.0,0.0,91269.58,0.5672137345218271
2026-01-20 11:00:00,100000.0,0.0,91218.99,0.5730873260545667
2026-01-20 12:00:00,100000.0,0.0,91280.31,0.5788350210777757
2026-01-20 13:00:00,100000.0,0.0,90958.88,0.5844756183563069
2026-01-20 14:00:00,100000.0,0.0,90531.15,0.5900267901606541
2026-01-20 15:00:00,100000.0,0.0,90684.95,0.5973419763740205
2026-01-20 16:00:00,100000.0,0.0,90165.51,0.6046914842455675
2026-01-20 17:00:00,100000.0,0.0,89775.46,0.664518803351909
2026-01-20 18:00:00,100000.0,0.0,89501.0,0.6714578007030231
2026-01-20 19:00:00,100000.0,0.0,89725.76,0.6787566171000505
2026-01-20 20:00:00,100000.0,0.0,89733.99,0.6865005257851683
2026-01-20 21:00:00,100000.0,0.0,89476.01,0.694799424689872
2026-01-20 22:00:00,100000.0,0.0,88509.18,0.7037987283287235
2026-01-20 23:00:00,100000.0,0.0,88427.66,0.7119776305267298
2026-01-21 00:00:00,100000.0,0.0,88936.01,0.7208612597260453
2026-01-21 01:00:00,100000.0,0.0,89020.91,0.43367320729971964
2026-01-21 02:00:00,100000.0,0.0,89048.57,0.44651324133280124
2026-01-21 03:00:00,100000.0,0.0,89432.33,0.4574677668342502
2026-01-21 04:00:00,100000.0,0.0,89448.89,0.4729957357672808
2026-01-21 05:00:00,100000.0,0.0,89950.04,0.48596635339370026
2026-01-21 06:00:00,100000.0,0.0,89649.62,0.4953066648619061
2026-01-21 07:00:00,100000.0,0.0,89213.95,0.5020923923320101
2026-01-21 08:00:00,100000.0,0.0,89197.35,0.507478594813632
2026-01-21 09:00:00,100000.0,0.0,89112.3,0.8761651673764994
2026-01-21 10:00:00,100000.0,0.0,89248.99,0.8652122730964232
2026-01-21 11:00:00,100000.0,0.0,88789.99,0.8547437284237634
2026-01-21 12:00:00,100000.0,0.0,88736.31,0.844656642584715
2026-01-21 13:00:00,100000.0,0.0,88672.64,0.8348560476625311
2026-01-21 14:00:00,100000.0,0.0,89805.43,0.825249810793606
2026-01-21 15:00:00,100000.0,0.0,90288.04,0.8407264268914479
2026-01-21 16:00:00,100000.0,0.0,87602.4,0.8201508802242018
2026-01-21 17:00:00,100000.0,0.0,87932.38,1.0
2026-01-21 18:00:00,100000.0,0.0,88485.43,0.9601036495087427
2026-01-21 19:00:00,100000.0,0.0,90355.56,0.9838301055079106
2026-01-21 20:00:00,100000.0,0.0,90214.01,0.9029177542677214
2026-01-21 21:00:00,100000.0,0.0,90249.18,0.8812220181034583
2026-01-21 22:00:00,100000.0,0.0,89763.51,0.8625261440851792
2026-01-21 23:00:00,100000.0,0.0,89454.73,0.8480855526799371
2026-01-22 00:00:00,100000.0,0.0,89908.49,0.8351060203912579
2026-01-22 01:00:00,100000.0,0.0,90113.19,0.6059340738793556
2026-01-22 02:00:00,100000.0,0.0,89938.3,0.6072998594277785
2026-01-22 03:00:00,100000.0,0.0,89899.51,0.608665399013281
2026-01-22 04:00:00,100000.0,0.0,89998.91,0.6100309835546255
2026-01-22 05:00:00,100000.0,0.0,90026.3,0.6113969046422421
2026-01-22 06:00:00,100000.0,0.0,90172.11,0.6127634548524773
2026-01-22 07:00:00,100000.0,0.0,89818.79,0.6050881454251742
2026-01-22 08:00:00,100000.0,0.0,89920.16,0.5967865852475102
2026-01-22 09:00:00,100000.0,0.0,90033.02,0.6667165547589753
2026-01-22 10:00:00,100000.0,0.0,90078.77,0.6578154391781228
2026-01-22 11:00:00,100000.0,0.0,89941.26,0.6481373137523949
2026-01-22 12:00:00,100000.0,0.0,90021.09,0.597188665825237
2026-01-22 13:00:00,100000.0,0.0,89619.81,0.5830167091940395
2026-01-22 14:00:00,100000.0,0.0,89088.59,0.5650905940233535
2026-01-22 15:00:00,100000.0,0.0,89000.01,0.5614058087817214
2026-01-22 16:00:00,100000.0,0.0,89054.06,0.5576532957002059
2026-01-22 17:00:00,100000.0,0.0,89550.01,0.13129025759216575
2026-01-22 18:00:00,100000.0,0.0,89333.94,0.1794018304175355
2026-01-22 19:00:00,100000.0,0.0,89777.9,0.21684274355895686
2026-01-22 20:00:00,100000.0,0.0,89409.72,0.24719843994182786
2026-01-22 21:00:00,100000.0,0.0,89268.66,0.2725651188993933
2026-01-22 22:00:00,100000.0,0.0,89346.99,0.2942620783673903
2026-01-22 23:00:00,100000.0,0.0,89559.67,0.31395884051308853
2026-01-23 00:00:00,100000.0,0.0,89520.01,0.3310475087124081
2026-01-23 01:00:00,100000.0,0.0,89939.38,0.661031336026786
2026-01-23 02:00:00,100000.0,0.0,89663.48,0.671559800627649
2026-01-23 03:00:00,100000.0,0.0,89924.78,0.683383625783769
2026-01-23 04:00:00,100000.0,0.0,89965.42,0.6969011738600184
2026-01-23 05:00:00,100000.0,0.0,89616.03,0.7127059016382726
2026-01-23 06:00:00,100000.0,0.0,89509.59,0.7317315205310928
2026-01-23 07:00:00,100000.0,0.0,89549.45,0.7258517108638011
2026-01-23 08:00:00,100000.0,0.0,89221.46,0.8719232872003231
2026-01-23 09:00:00,100000.0,0.0,88977.72,0.8513090568369404
2026-01-23 10:00:00,100000.0,0.0,89046.49,0.8332261605467723
2026-01-23 11:00:00,100000.0,0.0,89202.48,0.8171324503627785
2026-01-23 12:00:00,100000.0,0.0,89267.83,0.8026334332971261
2026-01-23 13:00:00,100000.0,0.0,89350.81,0.789433883562482
2026-01-23 14:00:00,100000.0,0.0,89017.85,0.7773075075032015
2026-01-23 15:00:00,100000.0,0.0,89761.61,0.7694001280191176
2026-01-23 16:00:00,100000.0,0.0,90124.85,0.8592639885422625
2026-01-23 17:00:00,100000.0,0.0,90600.0,0.5861334673123196
2026-01-23 18:00:00,100000.0,0.0,90530.45,0.49535028241198586
2026-01-23 19:00:00,100000.0,0.0,89982.79,0.5002437973268503
2026-01-23 20:00:00,100000.0,0.0,89503.68,0.5050689590084774
2026-01-23 21:00:00,100000.0,0.0,89349.99,0.5098361685130859
2026-01-23 22:00:00,100000.0,0.0,89624.61,0.5145554278723564
2026-01-23 23:00:00,100000.0,0.0,89600.26,0.5059132086431001
2026-01-24 00:00:00,100000.0,0.0,89452.83,0.4964688660099943
2026-01-24 01:00:00,100000.0,0.0,89550.24,0.9153388255066423
2026-01-24 02:00:00,100000.0,0.0,89702.85,0.8928639430622575
2026-01-24 03:00:00,100000.0,0.0,89770.02,0.8746047448941056
2026-01-24 04:00:00,100000.0,0.0,89829.35,0.8600287475868139
2026-01-24 05:00:00,100000.0,0.0,89775.2,0.8372695581564162
2026-01-24 06:00:00,100000.0,0.0,89649.32,0.8196563451510358
2026-01-24 07:00:00,100000.0,0.0,89620.1,0.797252894806662
2026-01-24 08:00:00,100000.0,0.0,89660.88,0.7783794731493171
2026-01-24 09:00:00,100000.0,0.0,89600.0,0.08432984604389876
2026-01-24 10:00:00,100000.0,0.0,89626.8,0.12230728408579182
2026-01-24 11:00:00,100000.0,0.0,89595.4,0.15367284042226853
2026-01-24 12:00:00,100000.0,0.0,89537.82,0.1802600681081621
2026-01-24 13:00:00,100000.0,0.0,89368.22,0.2032620693928661
2026-01-24 14:00:00,100000.0,0.0,89450.03,0.22623680503579385
2026-01-24 15:00:00,100000.0,0.0,89275.77,0.24655209451477705
2026-01-24 16:00:00,100000.0,0.0,89290.01,0.2647790230267336
2026-01-24 17:00:00,100000.0,0.0,89406.5,0.6181989351131414
2026-01-24 18:00:00,100000.0,0.0,89395.23,0.6197434542536759
2026-01-24 19:00:00,100000.0,0.0,89331.36,0.6213030917935166
2026-01-24 20:00:00,100000.0,0.0,89380.01,0.6228782647542925
2026-01-24 21:00:00,100000.0,0.0,89386.61,0.624469404528459
2026-01-24 22:00:00,100000.0,0.0,89430.0,0.6260769575570113
2026-01-24 23:00:00,100000.0,0.0,89225.34,0.6188225180702058
2026-01-25 00:00:00,100000.0,0.0,89315.18,0.6116754942963423
2026-01-25 01:00:00,100000.0,0.0,89176.31,0.7770386563188973
2026-01-25 02:00:00,100000.0,0.0,89139.04,0.759745660561485
2026-01-25 03:00:00,100000.0,0.0,88960.35,0.7439370792058416
2026-01-25 04:00:00,100000.0,0.0,89006.96,0.7293356166993782
2026-01-25 05:00:00,100000.0,0.0,88990.9,0.7157225157741285
2026-01-25 06:00:00,100000.0,0.0,88831.36,0.7029208362419606
2026-01-25 07:00:00,100000.0,0.0,88659.99,0.7021448461937759
2026-01-25 08:00:00,100000.0,0.0,88300.01,0.7013730971788771
2026-01-25 09:00:00,100000.0,0.0,88398.38,0.26783609398983604
2026-01-25 10:00:00,100000.0,0.0,88659.51,0.28424079430909094
2026-01-25 11:00:00,100000.0,0.0,88570.17,0.29933801813284977
2026-01-25 12:00:00,100000.0,0.0,88791.99,0.3133689363397441
2026-01-25 13:00:00,100000.0,0.0,88921.0,0.3265270686472719
2026-01-25 14:00:00,100000.0,0.0,88710.1,0.3389718574368047
2026-01-25 15:00:00,100000.0,0.0,88446.5,0.3353894235914687
2026-01-25 16:00:00,100000.0,0.0,88077.26,0.33170705909022824
2026-01-25 17:00:00,100000.0,0.0,87892.17,0.5361132715125994
2026-01-25 18:00:00,100000.0,0.0,87420.01,0.5271244264508768
2026-01-25 19:00:00,100000.0,0.0,86495.16,0.5176223618831965
2026-01-25 20:00:00,100000.0,0.0,86654.61,0.5074629443606123
2026-01-25 21:00:00,100000.0,0.0,86568.5,0.5069308385196186
2026-01-25 22:00:00,100000.0,0.0,86521.39,0.4945415288297963
2026-01-25 23:00:00,100000.0,0.0,86670.36,0.0
2026-01-26 00:00:00,100000.0,0.0,86854.86,0.272339887919638
2026-01-26 01:00:00,100000.0,0.0,87698.73,0.37292299551237096
2026-01-26 02:00:00,100000.0,0.0,87563.38,0.4396495920256887
2026-01-26 03:00:00,100000.0,0.0,87282.05,0.49271819884391554
2026-01-26 04:00:00,100000.0,0.0,87737.06,0.534443532635245
2026-01-26 05:00:00,100000.0,0.0,87826.01,0.5634737240612688
2026-01-26 06:00:00,100000.0,0.0,87937.44,0.5856868943556985
2026-01-26 07:00:00,100000.0,0.0,88000.64,0.609124657103014
2026-01-26 08:00:00,100000.0,0.0,87975.39,0.6345644175932533
2026-01-26 09:00:00,100000.0,0.0,87663.12,0.7184169572372436
2026-01-26 10:00:00,100000.0,0.0,87897.55,0.744013547755045
2026-01-26 11:00:00,100000.0,0.0,87855.0,0.7603099842525058
2026-01-26 12:00:00,100000.0,0.0,87799.45,0.7784540164309466
2026-01-26 13:00:00,100000.0,0.0,87960.01,0.7971400779765633
2026-01-26 14:00:00,100000.0,0.0,88178.1,0.8714783450296071
2026-01-26 15:00:00,100000.0,0.0,87641.41,0.8132264770805181
2026-01-26 16:00:00,100000.0,0.0,87606.99,0.6417889660094651
2026-01-26 17:00:00,100000.0,0.0,87700.62,0.6438796408677165
2026-01-26 18:00:00,100000.0,0.0,88403.72,0.6211690998972182
2026-01-26 19:00:00,100000.0,0.0,88013.19,0.6334571585173208
2026-01-26 20:00:00,100000.0,0.0,87629.22,0.6310574073534432
2026-01-26 21:00:00,100000.0,0.0,88064.69,0.6187596393859361
2026-01-26 22:00:00,100000.0,0.0,88140.01,0.5934231158168946
2026-01-26 23:00:00,100000.0,0.0,88347.08,0.6082481359182157
2026-01-27 00:00:00,100000.0,0.0,88353.97,0.6275009319210348
2026-01-27 01:00:00,100000.0,0.0,88550.61,0.7615314492234081
2026-01-27 02:00:00,100000.0,0.0,88831.6,0.7895414688530256
2026-01-27 03:00:00,100000.0,0.0,88788.0,0.8292188349603234
2026-01-27 04:00:00,100000.0,0.0,88579.58,0.9612709389415512
2026-01-27 05:00:00,100000.0,0.0,88456.3,0.9493551804557956
2026-01-27 06:00:00,100000.0,0.0,88332.67,0.9659795308486395
2026-01-27 07:00:00,100000.0,0.0,88320.41,0.9903744798091778
2026-01-27 08:00:00,100000.0,0.0,88170.82,0.8012765028190071
2026-01-27 09:00:00,100000.0,0.0,87886.82,0.8204079352473197
2026-01-27 10:00:00,100000.0,0.0,87786.53,0.8366637458758865
2026-01-27 11:00:00,100000.0,0.0,87992.74,0.8213495569118474
2026-01-27 12:00:00,100000.0,0.0,87986.96,0.7436031801356304
2026-01-27 13:00:00,100000.0,0.0,87982.15,0.7193340827580106
2026-01-27 14:00:00,100000.0,0.0,87745.02,0.7064944587124566
2026-01-27 15:00:00,100000.0,0.0,88047.46,0.6166508194579563
2026-01-27 16:00:00,100000.0,0.0,88641.44,0.3877638221107682
2026-01-27 17:00:00,100000.0,0.0,87546.58,0.46865243257799544
2026-01-27 18:00:00,100000.0,0.0,88285.05,0.3465078677433904
2026-01-27 19:00:00,100000.0,0.0,88408.77,0.3401210559627812
2026-01-27 20:00:00,100000.0,0.0,89396.16,0.48149233726642504
2026-01-27 21:00:00,100000.0,0.0,89081.46,0.5612055642518928
2026-01-27 22:00:00,100000.0,0.0,89243.63,0.6978160029422857
2026-01-27 23:00:00,100000.0,0.0,89250.0,0.7333963562509045
2026-01-28 00:00:00,100000.0,0.0,89467.72,0.8572380698347676
2026-01-28 01:00:00,100000.0,0.0,89404.57,0.8966569557958358
2026-01-28 02:00:00,100000.0,0.0,89285.77,0.9077052166777242
2026-01-28 03:00:00,100000.0,0.0,89126.67,0.9104299927694413
2026-01-28 04:00:00,100000.0,0.0,88975.04,0.908417442839653
2026-01-28 05:00:00,100000.0,0.0,89084.1,0.9150797384224761
2026-01-28 06:00:00,100000.0,0.0,89317.47,0.8903061564997566
2026-01-28 07:00:00,100000.0,0.0,89134.35,0.8651618314665859
2026-01-28 08:00:00,100000.0,0.0,88925.47,0.8858679329139647
2026-01-28 09:00:00,100000.0,0.0,89567.25,0.8942935870021201
2026-01-28 10:00:00,100000.0,0.0,89403.77,0.858330709590781
2026-01-28 11:00:00,100000.0,0.0,90080.0,0.9216472009545577
2026-01-28 12:00:00,100000.0,0.0,89998.69,0.8563185246751892
2026-01-28 13:00:00,100000.0,0.0,90257.91,0.9994917294082527
2026-01-28 14:00:00,100000.0,0.0,89617.27,0.9505196648378366
2026-01-28 15:00:00,100000.0,0.0,89479.66,0.9855918526601378
2026-01-28 16:00:00,100000.0,0.0,89629.66,1.0
2026-01-28 17:00:00,100496.58835970148,1.0599169962264723,90169.88,0.9525688674108325
2026-01-28 18:00:00,99835.5817241748,1.0599169962264723,89546.24,0.8394445636017472
2026-01-28 19:00:00,99683.3140484969,1.0599169962264723,89402.58,0.9010976890189555
2026-01-28 20:00:00,99395.06962137311,1.0599169962264723,89130.63,0.878756294314172
2026-01-28 21:00:00,99693.47865249071,1.0599169962264723,89412.17,0.8696407289372022
2026-01-28 22:00:00,99676.49878221116,1.0599169962264723,89396.15,0.8264342200568412
2026-01-28 23:00:00,99574.57716385403,1.0599169962264723,89299.99,0.8127218253474584
2026-01-29 00:00:00,99409.145319083,1.0599169962264723,89143.91,0.5691896433208143
2026-01-29 01:00:00,98836.41917017203,1.0599169962264723,88603.56,0.5478770070919512
2026-01-29 02:00:00,98836.41917017203,0.0,87907.06,0.5820239746802003
2026-01-29 03:00:00,98836.41917017203,0.0,88053.71,0.5011037754216793
2026-01-29 04:00:00,98836.41917017203,0.0,88315.2,0.41339673421294354
2026-01-29 05:00:00,98836.41917017203,0.0,88186.54,0.36269728878345486
2026-01-29 06:00:00,98836.41917017203,0.0,88319.35,0.40102371496631034
2026-01-29 07:00:00,98836.41917017203,0.0,88352.97,0.3864382369491159
2026-01-29 08:00:00,98836.41917017203,0.0,88064.16,0.3936346470425941
2026-01-29 09:00:00,98836.41917017203,0.0,87892.01,0.49046707093217723
2026-01-29 10:00:00,98836.41917017203,0.0,87946.46,0.5169794124166389
2026-01-29 11:00:00,98836.41917017203,0.0,87846.5,0.5067076100758757
2026-01-29 12:00:00,98836.41917017203,0.0,88121.21,0.48781181000040824
2026-01-29 13:00:00,98836.41917017203,0.0,88052.88,0.4683873716469754
2026-01-29 14:00:00,98836.41917017203,0.0,87014.4,0.47243057301933306
2026-01-29 15:00:00,98836.41917017203,0.0,84934.02,0.5358374265406749
2026-01-29 16:00:00,98836.41917017203,0.0,85270.0,0.6400510425012607
2026-01-29 17:00:00,98836.41917017203,0.0,84261.66,0.5351803879858281
2026-01-29 18:00:00,98836.41917017203,0.0,83477.02,0.660753944085191
2026-01-29 19:00:00,98836.41917017203,0.0,84012.11,0.7184527394120755
2026-01-29 20:00:00,98836.41917017203,0.0,84216.91,0.6247560045722127
2026-01-29 21:00:00,98836.41917017203,0.0,84526.57,0.6057056407239213
2026-01-29 22:00:00,98836.41917017203,0.0,84570.05,0.5988652062901642
2026-01-29 23:00:00,98836.41917017203,0.0,84650.16,0.6153879965415959
2026-01-30 00:00:00,98836.41917017203,0.0,84192.0,0.6001577945373068
2026-01-30 01:00:00,98836.41917017203,0.0,82468.02,0.6185364193935649
2026-01-30 02:00:00,98836.41917017203,0.0,82164.88,0.7956333105832931
2026-01-30 03:00:00,98836.41917017203,0.0,82676.43,0.7207409561293248
2026-01-30 04:00:00,98836.41917017203,0.0,82938.92,0.6328257222831526
2026-01-30 05:00:00,98836.41917017203,0.0,82914.19,0.6309799030301736
2026-01-30 06:00:00,98836.41917017203,0.0,82602.81,0.6296416965820012
2026-01-30 07:00:00,98836.41917017203,0.0,82816.98,0.6595569734165063
2026-01-30 08:00:00,98836.41917017203,0.0,82671.7,0.8781496652012518
2026-01-30 09:00:00,98836.41917017203,0.0,82363.72,0.8438302724204033
2026-01-30 10:00:00,98836.41917017203,0.0,82833.92,0.839519886014899
2026-01-30 11:00:00,98836.41917017203,0.0,83151.36,0.7965791136915752
2026-01-30 12:00:00,98836.41917017203,0.0,82800.5,0.7580653010156654
2026-01-30 13:00:00,98836.41917017203,0.0,82740.92,0.7722375461791696
2026-01-30 14:00:00,98836.41917017203,0.0,83098.0,0.7712485098113921
2026-01-30 15:00:00,98836.41917017203,0.0,82883.94,0.758665331953296
2026-01-30 16:00:00,98836.41917017203,0.0,83149.0,0.7848604314071151
2026-01-30 17:00:00,98836.41917017203,0.0,82943.23,0.8820850605749146
2026-01-30 18:00:00,98836.41917017203,0.0,83931.13,0.8662795866570223
2026-01-30 19:00:00,98836.41917017203,0.0,84242.99,0.8571902470116305
2026-01-30 20:00:00,98836.41917017203,0.0,83906.34,0.9173020556738926
2026-01-30 21:00:00,98836.41917017203,0.0,84273.7,0.8942038954383644
2026-01-30 22:00:00,98836.41917017203,0.0,84219.99,0.8668101725032163
2026-01-30 23:00:00,98836.41917017203,0.0,84260.49,0.8533185300320384
2026-01-31 00:00:00,98836.41917017203,0.0,84067.83,0.26808181117494906
2026-01-31 01:00:00,98836.41917017203,0.0,83999.99,0.3478942519303318
2026-01-31 02:00:00,98836.41917017203,0.0,84130.01,0.3868962206935595
2026-01-31 03:00:00,98836.41917017203,0.0,84022.69,0.4016969797107108
2026-01-31 04:00:00,98836.41917017203,0.0,83992.45,0.42745522619838744
2026-01-31 05:00:00,98836.41917017203,0.0,84000.01,0.4386690767982017
2026-01-31 06:00:00,98836.41917017203,0.0,83786.09,0.44222646873931
2026-01-31 07:00:00,98836.41917017203,0.0,83546.81,0.49783465145597555
2026-01-31 08:00:00,98836.41917017203,0.0,83074.07,0.5809443291255143
2026-01-31 09:00:00,98836.41917017203,0.0,83109.1,0.8420361119977219
2026-01-31 10:00:00,98836.41917017203,0.0,83160.0,0.7858856805183688
2026-01-31 11:00:00,98836.41917017203,0.0,83020.0,0.7446132348871242
2026-01-31 12:00:00,98836.41917017203,0.0,82762.0,0.7377222133990863
2026-01-31 13:00:00,98836.41917017203,0.0,82767.99,0.7208711492695326
2026-01-31 14:00:00,98836.41917017203,0.0,81479.99,0.713054031167189
2026-01-31 15:00:00,98836.41917017203,0.0,81302.15,0.6576766182957059
2026-01-31 16:00:00,98836.41917017203,0.0,80365.04,0.5930862694911422
2026-01-31 17:00:00,98836.41917017203,0.0,78893.92,0.5723821498846395
2026-01-31 18:00:00,98836.41917017203,0.0,78038.38,0.624765255771533
2026-01-31 19:00:00,98836.41917017203,0.0,77750.01,0.7377284763538092
2026-01-31 20:00:00,98836.41917017203,0.0,77999.03,0.6635435300276392
2026-01-31 21:00:00,98836.41917017203,0.0,78292.0,0.5968010662047036
2026-01-31 22:00:00,98836.41917017203,0.0,78155.17,0.517562506165334
2026-01-31 23:00:00,98836.41917017203,0.0,78741.09,0.40650423458547286
2026-02-01 00:00:00,98836.41917017203,0.0,78902.31,0.28621186929249176
2026-02-01 01:00:00,98836.41917017203,0.0,78532.17,0.6219741022116501
2026-02-01 02:00:00,98836.41917017203,0.0,78900.01,0.6777618889545435
2026-02-01 03:00:00,98836.41917017203,0.0,78868.28,0.6474298874982255
2026-02-01 04:00:00,98836.41917017203,0.0,78971.75,0.6352835219710886
2026-02-01 05:00:00,98836.41917017203,0.0,78620.91,0.631842239262675
2026-02-01 06:00:00,98836.41917017203,0.0,78300.0,0.6703877528954949
2026-02-01 07:00:00,98836.41917017203,0.0,78343.0,0.7012831440753677
2026-02-01 08:00:00,98836.41917017203,0.0,78604.02,0.718040303675916
2026-02-01 09:00:00,98836.41917017203,0.0,79034.45,0.5053044777048378
2026-02-01 10:00:00,98836.41917017203,0.0,78279.73,0.490084958633285
2026-02-01 11:00:00,98836.41917017203,0.0,78743.56,0.5185687779325453
2026-02-01 12:00:00,98836.41917017203,0.0,78459.67,0.5011591492659843
2026-02-01 13:00:00,98836.41917017203,0.0,78317.51,0.49597365323208253
2026-02-01 14:00:00,98836.41917017203,0.0,78211.12,0.5167178415099148
2026-02-01 15:00:00,98836.41917017203,0.0,77593.4,0.5788685327262523
2026-02-01 16:00:00,98836.41917017203,0.0,77494.77,0.6431538721089552
2026-02-01 17:00:00,98836.41917017203,0.0,77745.32,0.6536388589088622
2026-02-01 18:00:00,98836.41917017203,0.0,78029.28,0.6439747772686834
2026-02-01 19:00:00,98836.41917017203,0.0,77174.78,0.5864188896738394
2026-02-01 20:00:00,98836.41917017203,0.0,77103.04,0.6392607690222277
2026-02-01 21:00:00,98836.41917017203,0.0,76526.03,0.6274882753357455
2026-02-01 22:00:00,98836.41917017203,0.0,77249.31,0.6338482918842803
2026-02-01 23:00:00,98836.41917017203,0.0,76968.21,0.6308587164507515
2026-02-02 00:00:00,98836.41917017203,0.0,77672.61,0.740092398715953
2026-02-02 01:00:00,98836.41917017203,0.0,77518.87,0.6691221184551283
2026-02-02 02:00:00,98836.41917017203,0.0,76491.17,0.6582474663966115
2026-02-02 03:00:00,98836.41917017203,0.0,76292.98,0.5713979982580811
2026-02-02 04:00:00,98836.41917017203,0.0,75894.15,0.5488759309530461
2026-02-02 05:00:00,98836.41917017203,0.0,75502.1,0.64038263590076
2026-02-02 06:00:00,98836.41917017203,0.0,76549.32,0.5516489202373243
2026-02-02 07:00:00,98836.41917017203,0.0,76660.79,0.6419360886570374
2026-02-02 08:00:00,98836.41917017203,0.0,76881.28,0.7039117250492167
2026-02-02 09:00:00,98836.41917017203,0.0,77725.33,0.8853223223980624
2026-02-02 10:00:00,98836.41917017203,0.0,77504.54,0.8212502067164014
2026-02-02 11:00:00,98836.41917017203,0.0,77759.99,0.9759384753792254
2026-02-02 12:00:00,98836.41917017203,0.0,77988.51,0.9196197639358741
2026-02-02 13:00:00,98836.41917017203,0.0,78224.79,0.8465648072149133
2026-02-02 14:00:00,98836.41917017203,0.0,77844.79,0.9168213144782625
2026-02-02 15:00:00,98836.41917017203,0.0,78850.06,0.923589644680346
2026-02-02 16:00:00,98504.92439696447,1.190799324840887,78634.76,1.0
2026-02-02 17:00:00,98926.32446203916,1.190799324840887,78988.64,0.9847293571493816
2026-02-02 18:00:00,98427.6177047958,1.190799324840887,78569.84,0.9583506812357137
2026-02-02 19:00:00,98155.71058696164,1.190799324840887,78341.5,0.9282718694437964
2026-02-02 20:00:00,97759.28158372885,1.190799324840887,78008.59,0.8989695213671962
2026-02-02 21:00:00,98382.62930630331,1.190799324840887,78532.06,0.8907365399144724
2026-02-02 22:00:00,98695.97624064195,1.190799324840887,78795.2,0.8024559726524969
2026-02-02 23:00:00,98628.5889068492,1.190799324840887,78738.61,0.7286309734811415
2026-02-03 00:00:00,99017.53969032198,1.190799324840887,79065.24,0.4596577060680731
2026-02-03 01:00:00,98960.8457344663,1.190799324840887,79017.63,0.4470572747301786
2026-02-03 02:00:00,97520.43105515226,1.190799324840887,77808.01,0.4677581562114193
2026-02-03 03:00:00,98646.10556491761,1.190799324840887,78753.32,0.5846833145069604
2026-02-03 04:00:00,98699.77489048819,1.190799324840887,78798.39,0.45642020675112355
2026-02-03 05:00:00,98035.38031518646,1.190799324840887,78240.45,0.4362835221652378
2026-02-03 06:00:00,98456.58985236917,1.190799324840887,78594.17,0.4992723557526497
2026-02-03 07:00:00,98695.34511699977,1.190799324840887,78794.67,0.4225217961544119
2026-02-03 08:00:00,98639.72288053647,1.190799324840887,78747.96,0.4042214586803062
2026-02-03 09:00:00,98225.38425545806,1.190799324840887,78400.01,0.018141365998236583
2026-02-03 10:00:00,98225.38425545806,0.0,78120.36,0.0
2026-02-03 11:00:00,98225.38425545806,0.0,78079.5,0.07919886714136354
2026-02-03 12:00:00,98225.38425545806,0.0,78330.26,0.0624183443542086
2026-02-03 13:00:00,98225.38425545806,0.0,78307.65,0.0
2026-02-03 14:00:00,98225.38425545806,0.0,77201.22,0.008330918345443488
2026-02-03 15:00:00,98225.38425545806,0.0,78132.33,0.13857100741345313
2026-02-03 16:00:00,98225.38425545806,0.0,76488.08,0.012857825643693963
2026-02-03 17:00:00,98225.38425545806,0.0,74915.79,0.1033246292542356
2026-02-03 18:00:00,98225.38425545806,0.0,73139.13,0.026614589927152654
2026-02-03 19:00:00,98225.38425545806,0.0,74935.0,0.1799841186320161
2026-02-03 20:00:00,98225.38425545806,0.0,76475.52,0.0
2026-02-03 21:00:00,98225.38425545806,0.0,76239.43,0.0
2026-02-03 22:00:00,98225.38425545806,0.0,75708.83,0.16641533270884068
2026-02-03 23:00:00,98225.38425545806,0.0,75770.21,0.2210437477750216
2026-02-04 00:00:00,98225.38425545806,0.0,75910.88,0.24138123939295802
2026-02-04 01:00:00,98225.38425545806,0.0,76423.73,0.19091229145571467
2026-02-04 02:00:00,98225.38425545806,0.0,75963.35,0.1742452206678154
2026-02-04 03:00:00,98225.38425545806,0.0,76698.17,0.25965199618316087
2026-02-04 04:00:00,98225.38425545806,0.0,76479.75,0.2541736616552929
2026-02-04 05:00:00,98225.38425545806,0.0,76279.99,0.3077629085390919
2026-02-04 06:00:00,98225.38425545806,0.0,76652.68,0.34578760221782795
2026-02-04 07:00:00,98225.38425545806,0.0,76514.3,0.33337644805479855
2026-02-04 08:00:00,98225.38425545806,0.0,76587.26,0.3390340117551261
2026-02-04 09:00:00,98225.38425545806,0.0,76119.0,0.025715483866431552
2026-02-04 10:00:00,98225.38425545806,0.0,76302.1,0.11846297283582757
2026-02-04 11:00:00,98225.38425545806,0.0,76017.25,0.1359117255831156
2026-02-04 12:00:00,98225.38425545806,0.0,76180.85,0.16338361725981138
2026-02-04 13:00:00,98225.38425545806,0.0,74867.0,0.1922093749435098
2026-02-04 14:00:00,98225.38425545806,0.0,74359.53,0.2608791211710483
2026-02-04 15:00:00,98225.38425545806,0.0,74136.36,0.20455618262212846
2026-02-04 16:00:00,98225.38425545806,0.0,73636.01,0.07489992325947606
2026-02-04 17:00:00,98225.38425545806,0.0,72576.08,0.015085038247963088
2026-02-04 18:00:00,98225.38425545806,0.0,73425.96,0.003585977867533819
2026-02-04 19:00:00,98225.38425545806,0.0,73923.29,0.0
2026-02-04 20:00:00,98225.38425545806,0.0,73516.3,0.0
2026-02-04 21:00:00,98225.38425545806,0.0,72799.99,0.01693190887012562
2026-02-04 22:00:00,98225.38425545806,0.0,72543.38,0.07017496147778028
2026-02-04 23:00:00,98225.38425545806,0.0,73165.83,0.14333218352405527
2026-02-05 00:00:00,98225.38425545806,0.0,72868.02,0.16680624619227943
2026-02-05 01:00:00,98225.38425545806,0.0,72421.26,0.0
2026-02-05 02:00:00,98225.38425545806,0.0,71454.44,0.05501865016160472
2026-02-05 03:00:00,98225.38425545806,0.0,71223.25,0.21081463050127108
2026-02-05 04:00:00,98225.38425545806,0.0,70888.08,0.21398948685055855
2026-02-05 05:00:00,98225.38425545806,0.0,70732.72,0.11667776447956973
2026-02-05 06:00:00,98225.38425545806,0.0,70951.51,0.2599312700868971
2026-02-05 07:00:00,98225.38425545806,0.0,70756.85,0.30670343819659557
2026-02-05 08:00:00,98225.38425545806,0.0,71054.99,0.7467276385896442
2026-02-05 09:00:00,98225.38425545806,0.0,71550.0,0.7110063284357748
2026-02-05 10:00:00,98225.38425545806,0.0,70858.13,0.6137374589782353
2026-02-05 11:00:00,98225.38425545806,0.0,70318.35,0.7400771894481418
2026-02-05 12:00:00,98225.38425545806,0.0,69563.57,0.8661860333177298
2026-02-05 13:00:00,98225.38425545806,0.0,69688.94,0.8963421884872916
2026-02-05 14:00:00,98225.38425545806,0.0,69404.76,0.8455753530124287
2026-02-05 15:00:00,98225.38425545806,0.0,67489.07,0.8003045829626492
2026-02-05 16:00:00,98225.38425545806,0.0,68295.15,0.7885623560490326
2026-02-05 17:00:00,98225.38425545806,0.0,66181.69,0.9399576223923558
2026-02-05 18:00:00,98225.38425545806,0.0,66347.0,0.9163126651262703
2026-02-05 19:00:00,98225.38425545806,0.0,65265.65,0.7706627970411106
2026-02-05 20:00:00,98225.38425545806,0.0,63775.67,0.7800183340152357
2026-02-05 21:00:00,98225.38425545806,0.0,63213.34,1.0
2026-02-05 22:00:00,98225.38425545806,0.0,63907.86,0.9555974635828944
2026-02-05 23:00:00,98225.38425545806,0.0,62909.86,0.8895064005843883
2026-02-06 00:00:00,98225.38425545806,0.0,63509.39,0.7274239505189368
2026-02-06 01:00:00,98225.38425545806,0.0,65714.96,0.8090222908893573
2026-02-06 02:00:00,98225.38425545806,0.0,64990.1,0.707651061050211
2026-02-06 03:00:00,98225.38425545806,0.0,64168.33,0.7608112586949916
2026-02-06 04:00:00,98225.38425545806,0.0,64905.84,0.7904335659074831
2026-02-06 05:00:00,98225.38425545806,0.0,66408.11,0.7532721376399198
2026-02-06 06:00:00,98225.38425545806,0.0,64988.26,0.6553375148038864
2026-02-06 07:00:00,98225.38425545806,0.0,64856.0,0.6672346955149892
2026-02-06 08:00:00,98225.38425545806,0.0,64895.05,0.639406927945072
2026-02-06 09:00:00,98225.38425545806,0.0,65799.55,0.9783181631959033
2026-02-06 10:00:00,98225.38425545806,0.0,65967.51,0.9430141677682954
2026-02-06 11:00:00,98225.38425545806,0.0,66631.32,0.9481564287143361
2026-02-06 12:00:00,98225.38425545806,0.0,66557.93,0.9161846388724411
2026-02-06 13:00:00,98225.38425545806,0.0,67316.82,0.9173461050300494
2026-02-06 14:00:00,98225.38425545806,0.0,68194.89,0.8640074362175361
2026-02-06 15:00:00,98225.38425545806,0.0,68626.0,0.847604141412944
2026-02-06 16:00:00,98225.38425545806,0.0,69954.01,0.7970553076860535
2026-02-06 17:00:00,99217.24081992748,1.333935181738476,70753.53,0.7173233235283926
2026-02-06 18:00:00,97914.18623764624,1.333935181738476,69776.68,0.7315396197026204
2026-02-06 19:00:00,99187.80087046653,1.333935181738476,70731.46,0.8196353632920403
2026-02-06 20:00:00,98212.25405400572,1.333935181738476,70000.13,0.7577355528616659
2026-02-06 21:00:00,98690.2030296226,1.333935181738476,70358.43,0.7761999158056875
2026-02-06 22:00:00,100018.8424886896,1.333935181738476,71354.46,0.7293121399307055
2026-02-06 23:00:00,98986.10987098765,1.333935181738476,70580.26,0.665943493979227
2026-02-07 00:00:00,98156.05536479907,1.333935181738476,69958.0,0.6903572447693932
2026-02-07 01:00:00,98841.01774126997,1.333935181738476,70471.49,0.7753458567938565
2026-02-07 02:00:00,98694.12479905691,1.333935181738476,70361.37,0.7202269024609131
2026-02-07 03:00:00,99437.95373509794,1.333935181738476,70918.99,0.7171230707838847
2026-02-07 04:00:00,99236.71627358087,1.333935181738476,70768.13,0.6534692877545849
2026-02-07 05:00:00,98427.51117428286,1.333935181738476,70161.5,0.6467796869812062
2026-02-07 06:00:00,96570.87349158015,1.333935181738476,68769.65,0.6792168411686437
2026-02-07 07:00:00,95660.44939069182,1.333935181738476,68087.14,0.6908419008894598
2026-02-07 08:00:00,96204.5215332675,1.333935181738476,68495.01,0.5280266851814629
2026-02-07 09:00:00,95728.5601210714,1.333935181738476,68138.2,0.5522129122031162
2026-02-07 10:00:00,95526.86912159254,1.333935181738476,67987.0,0.5792300499727469
2026-02-07 11:00:00,95526.86912159254,0.0,67972.65,0.5737406379412451
2026-02-07 12:00:00,95526.86912159254,0.0,69024.98,0.5204881011952225
2026-02-07 13:00:00,95526.86912159254,0.0,69093.98,0.4049812062505292
2026-02-07 14:00:00,95526.86912159254,0.0,68645.99,0.33028730112142923
2026-02-07 15:00:00,95526.86912159254,0.0,69151.5,0.40314956450605793
2026-02-07 16:00:00,95526.86912159254,0.0,68957.16,0.3963456123856133
2026-02-07 17:00:00,95526.86912159254,0.0,69188.81,0.23987111192089816
2026-02-07 18:00:00,95526.86912159254,0.0,69514.11,0.29195220811548345
2026-02-07 19:00:00,95526.86912159254,0.0,69373.61,0.3073973260112802
2026-02-07 20:00:00,95526.86912159254,0.0,69631.18,0.3407401972236412
2026-02-07 21:00:00,95526.86912159254,0.0,69497.99,0.341149980834235
2026-02-07 22:00:00,95526.86912159254,0.0,69399.34,0.3622367352484795
2026-02-07 23:00:00,95526.86912159254,0.0,69289.38,0.3872920848240445
2026-02-08 00:00:00,95526.86912159254,0.0,69133.79,0.42545439787810324
2026-02-08 01:00:00,95526.86912159254,0.0,69379.57,0.46881763711410435
2026-02-08 02:00:00,95526.86912159254,0.0,69370.7,0.46003136719575843
2026-02-08 03:00:00,95526.86912159254,0.0,69099.99,0.45690005928491306
2026-02-08 04:00:00,95526.86912159254,0.0,69340.16,0.46270890565890144
2026-02-08 05:00:00,95526.86912159254,0.0,69220.52,0.4787700442282662
2026-02-08 06:00:00,95526.86912159254,0.0,69361.18,0.5017104969536538
2026-02-08 07:00:00,95526.86912159254,0.0,69710.69,0.5017283216705485
2026-02-08 08:00:00,95526.86912159254,0.0,70665.59,0.4761603875394534
2026-02-08 09:00:00,95526.86912159254,0.0,70107.19,0.12576469414716476
2026-02-08 10:00:00,95526.86912159254,0.0,70266.41,0.2166481543569745
2026-02-08 11:00:00,95526.86912159254,0.0,70999.98,0.31349755570948695
2026-02-08 12:00:00,95526.86912159254,0.0,71249.95,0.09968146452765232
2026-02-08 13:00:00,95526.86912159254,0.0,71514.77,0.10915632976543252
2026-02-08 14:00:00,95526.86912159254,0.0,71262.19,0.15594331908315112
2026-02-08 15:00:00,95526.86912159254,0.0,71188.99,0.3291229316577357
2026-02-08 16:00:00,95526.86912159254,0.0,70416.0,0.5887345777036779
2026-02-08 17:00:00,95526.86912159254,0.0,70785.99,0.7462628199031724
2026-02-08 18:00:00,95526.86912159254,0.0,71147.25,0.661551140287463
2026-02-08 19:00:00,95526.86912159254,0.0,71422.97,0.5842944576391423
2026-02-08 20:00:00,95526.86912159254,0.0,70835.17,0.5850888977687081
2026-02-08 21:00:00,95526.86912159254,0.0,70700.0,0.6897536627042824
2026-02-08 22:00:00,95526.86912159254,0.0,71066.09,0.7847074237525365
2026-02-08 23:00:00,94514.77605080495,1.2769877400812808,70330.38,0.7273727003723476
2026-02-09 00:00:00,94734.41794209892,1.2769877400812808,70502.38,0.5965315578556155
2026-02-09 01:00:00,94564.77012082913,1.2769877400812808,70369.53,0.31084103420308035
2026-02-09 02:00:00,94897.3743476107,1.2769877400812808,70629.99,0.3318872993640745
2026-02-09 03:00:00,95762.62293065757,1.2769877400812808,71307.56,0.31129753216225753
2026-02-09 04:00:00,95376.27028989597,1.2769877400812808,71005.01,0.26165768996384847
2026-02-09 05:00:00,95376.27028989597,0.0,71044.51,0.30765440077251655
2026-02-09 06:00:00,95376.27028989597,0.0,70667.95,0.26492721892028376
2026-02-09 07:00:00,95376.27028989597,0.0,70422.59,0.25295666051365573
2026-02-09 08:00:00,95376.27028989597,0.0,69873.99,0.3045389852578102
2026-02-09 09:00:00,95376.27028989597,0.0,69630.35,0.0
2026-02-09 10:00:00,95376.27028989597,0.0,68727.88,0.1728694599636837
2026-02-09 11:00:00,95376.27028989597,0.0,68928.72,0.24888306224456336
2026-02-09 12:00:00,95376.27028989597,0.0,69147.01,0.2277012753022104
2026-02-09 13:00:00,95376.27028989597,0.0,68594.57,0.18628618977652056
2026-02-09 14:00:00,95376.27028989597,0.0,69272.0,0.2919181886718238
2026-02-09 15:00:00,95376.27028989597,0.0,69563.37,0.14342100861555018
2026-02-09 16:00:00,95376.27028989597,0.0,70093.01,0.14701154726492974
2026-02-09 17:00:00,95376.27028989597,0.0,70612.29,0.40899261037499784
2026-02-09 18:00:00,95376.27028989597,0.0,70418.68,0.4192627581017669
2026-02-09 19:00:00,95376.27028989597,0.0,70957.01,0.43746914359883576
2026-02-09 20:00:00,95376.27028989597,0.0,70738.71,0.41950827899117765
2026-02-09 21:00:00,95376.27028989597,0.0,70400.0,0.46915321367335394
2026-02-09 22:00:00,95376.27028989597,0.0,70372.96,0.5854972224846894
2026-02-09 23:00:00,95376.27028989597,0.0,70138.0,0.6176015626045004
2026-02-10 00:00:00,95376.27028989597,0.0,69827.33,0.8796545477227925
2026-02-10 01:00:00,95376.27028989597,0.0,70486.82,0.9269297845810808
2026-02-10 02:00:00,94810.26055819167,1.2854524686374156,70102.89,0.8389693469637415
2026-02-10 03:00:00,94050.48102207885,1.2854524686374156,69511.83,0.8785205897154181
2026-02-10 04:00:00,94461.5558670244,1.2854524686374156,69831.62,0.8563438484837307
2026-02-10 05:00:00,93967.967828117,1.2854524686374156,69447.64,0.8421640148251792
2026-02-10 06:00:00,93291.44704839784,1.2854524686374156,68921.35,0.8315298389008627
2026-02-10 07:00:00,93291.44704839784,0.0,68919.66,0.7044223812351614
2026-02-10 08:00:00,93291.44704839784,0.0,69142.0,0.5737666679324972
2026-02-10 09:00:00,93291.44704839784,0.0,69151.5,0.26283494686086034
2026-02-10 10:00:00,93291.44704839784,0.0,68921.68,0.24622331570824152
2026-02-10 11:00:00,93291.44704839784,0.0,68535.01,0.28159020085469433
2026-02-10 12:00:00,93291.44704839784,0.0,68610.12,0.24877215273145356
2026-02-10 13:00:00,93291.44704839784,0.0,69027.95,0.20266914610565495
2026-02-10 14:00:00,93291.44704839784,0.0,68460.4,0.1584520327744863
2026-02-10 15:00:00,93291.44704839784,0.0,69293.37,0.3415168204449678
2026-02-10 16:00:00,93291.44704839784,0.0,69517.71,0.5669198564836426
2026-02-10 17:00:00,93291.44704839784,0.0,69925.31,0.5044204790607902
2026-02-10 18:00:00,93291.44704839784,0.0,68894.36,0.523496263533314
2026-02-10 19:00:00,93291.44704839784,0.0,69062.01,0.6324197060778308
2026-02-10 20:00:00,93291.44704839784,0.0,68753.7,0.6059337671708894
2026-02-10 21:00:00,93291.44704839784,0.0,68656.21,0.6245079180122617
2026-02-10 22:00:00,93291.44704839784,0.0,68707.18,0.6401359293294709
2026-02-10 23:00:00,93291.44704839784,0.0,68841.29,0.6181291692376216
2026-02-11 00:00:00,93291.44704839784,0.0,69201.14,0.0
2026-02-11 01:00:00,93291.44704839784,0.0,68982.0,0.03315821854691067
2026-02-11 02:00:00,93291.44704839784,0.0,68677.33,0.11770809265375312
2026-02-11 03:00:00,93291.44704839784,0.0,68187.99,0.14953663238747897
2026-02-11 04:00:00,93291.44704839784,0.0,67584.46,0.10097520626299707
2026-02-11 05:00:00,93291.44704839784,0.0,67404.28,0.09312224624343117
2026-02-11 06:00:00,93291.44704839784,0.0,66820.32,0.09188589559031328
2026-02-11 07:00:00,93291.44704839784,0.0,67032.72,0.2689665181580217
2026-02-11 08:00:00,93291.44704839784,0.0,66981.07,0.14318885020258593
2026-02-11 09:00:00,93291.44704839784,0.0,66872.03,0.5001214933201601
2026-02-11 10:00:00,93291.44704839784,0.0,66531.99,0.5179474025991928
2026-02-11 11:00:00,93291.44704839784,0.0,67053.03,0.6012670141251377
2026-02-11 12:00:00,93291.44704839784,0.0,67133.5,0.4264992169834521
2026-02-11 13:00:00,93291.44704839784,0.0,67454.49,0.34374267398094477
2026-02-11 14:00:00,93291.44704839784,0.0,66584.6,0.28841503391360124
2026-02-11 15:00:00,93291.44704839784,0.0,66519.73,0.6128234564859545
2026-02-11 16:00:00,93291.44704839784,0.0,66039.09,0.30348197640335334
2026-02-11 17:00:00,93291.44704839784,0.0,66518.26,0.3442280287779416
2026-02-11 18:00:00,93291.44704839784,0.0,67275.34,0.27305659935411697
2026-02-11 19:00:00,93291.44704839784,0.0,67586.67,0.2389718066980176
2026-02-11 20:00:00,93291.44704839784,0.0,67555.98,0.3050140422998762
2026-02-11 21:00:00,93291.44704839784,0.0,67811.17,0.3764803791387001
2026-02-11 22:00:00,93291.44704839784,0.0,67433.14,0.41130395778623796
2026-02-11 23:00:00,93291.44704839784,0.0,67082.52,0.4803759783417743
2026-02-12 00:00:00,93291.44704839784,0.0,67460.75,0.5827232187119544
2026-02-12 01:00:00,93291.44704839784,0.0,67699.01,0.5461407411113535
2026-02-12 02:00:00,93291.44704839784,0.0,67439.14,0.6103428363428282
2026-02-12 03:00:00,93291.44704839784,0.0,67580.99,0.6636350222000901
2026-02-12 04:00:00,93291.44704839784,0.0,67018.4,0.6328022029425336
2026-02-12 05:00:00,93291.44704839784,0.0,67141.93,0.6305817295925067
2026-02-12 06:00:00,93291.44704839784,0.0,67125.57,0.570115419298077
2026-02-12 07:00:00,93291.44704839784,0.0,67217.72,0.5769951136980703
2026-02-12 08:00:00,93291.44704839784,0.0,67141.15,0.5354254152436608
2026-02-12 09:00:00,93291.44704839784,0.0,67550.47,0.36622506273959005
2026-02-12 10:00:00,93291.44704839784,0.0,68014.01,0.261951584580286
2026-02-12 11:00:00,93291.44704839784,0.0,68076.01,0.2809443164559322
2026-02-12 12:00:00,93291.44704839784,0.0,67865.31,0.36210604240850924
2026-02-12 13:00:00,93291.44704839784,0.0,68376.58,0.4523055910280918
2026-02-12 14:00:00,93291.44704839784,0.0,67577.02,0.3444291260133027
2026-02-12 15:00:00,93291.44704839784,0.0,67134.74,0.44282918652704856
2026-02-12 16:00:00,93291.44704839784,0.0,65863.37,0.4974127715536076
2026-02-12 17:00:00,93291.44704839784,0.0,65413.99,0.5439156464430063
2026-02-12 18:00:00,93291.44704839784,0.0,65590.95,0.4966287723491767
2026-02-12 19:00:00,93291.44704839784,0.0,65788.36,0.4481175631577282
2026-02-12 20:00:00,93291.44704839784,0.0,65428.56,0.4460710916381866
2026-02-12 21:00:00,93291.44704839784,0.0,65849.87,0.5154644910175672
2026-02-12 22:00:00,93291.44704839784,0.0,66288.0,0.4989955064374927
2026-02-12 23:00:00,93291.44704839784,0.0,66272.17,0.4786796567267469
2026-02-13 00:00:00,93291.44704839784,0.0,65918.6,0.5013515674184447
2026-02-13 01:00:00,93291.44704839784,0.0,66454.95,0.09753677648952237
2026-02-13 02:00:00,93291.44704839784,0.0,66663.08,0.1272138816488644
2026-02-13 03:00:00,93291.44704839784,0.0,66553.08,0.16432237097493768
2026-02-13 04:00:00,93291.44704839784,0.0,66329.22,0.2341516648738651
2026-02-13 05:00:00,93291.44704839784,0.0,66175.79,0.2977931645773965
2026-02-13 06:00:00,93291.44704839784,0.0,66359.28,0.32899518367389224
2026-02-13 07:00:00,93291.44704839784,0.0,66208.96,0.3354480252855403
2026-02-13 08:00:00,93291.44704839784,0.0,66699.96,0.3529165506549648
2026-02-13 09:00:00,93291.44704839784,0.0,66959.71,0.5856173159132269
2026-02-13 10:00:00,93291.44704839784,0.0,66977.66,0.5953132065305966
2026-02-13 11:00:00,93291.44704839784,0.0,67171.42,0.6223973545744657
2026-02-13 12:00:00,93291.44704839784,0.0,67084.0,0.6621464188426764
2026-02-13 13:00:00,93291.44704839784,0.0,67274.15,0.7350800198771652
2026-02-13 14:00:00,93291.44704839784,0.0,67733.51,0.7521223417300108
2026-02-13 15:00:00,93291.44704839784,0.0,68692.12,0.7777634189256628
2026-02-13 16:00:00,93291.44704839784,0.0,68954.69,0.7497019238993178
2026-02-13 17:00:00,93291.44704839784,0.0,69047.99,0.7645183103589541
2026-02-13 18:00:00,93325.79703713581,1.283554737740779,69129.99,0.7625555520539038
2026-02-13 19:00:00,93080.5353978483,1.283554737740779,68938.91,0.7331085267841357
2026-02-13 20:00:00,92872.8690768292,1.283554737740779,68777.12,0.7084895079297724
2026-02-13 21:00:00,93033.7754987524,1.283554737740779,68902.48,0.709506446578939
2026-02-13 22:00:00,93152.88937841474,1.283554737740779,68995.28,0.6853800654313086
2026-02-13 23:00:00,92971.49742287722,1.283554737740779,68853.96,0.684562377135351
2026-02-14 00:00:00,93274.7757363106,1.283554737740779,69090.24,0.6892595791262068
2026-02-14 01:00:00,93113.39439913446,1.283554737740779,68964.51,0.5474977446243577
2026-02-14 02:00:00,93010.32495369388,1.283554737740779,68884.21,0.5517861203885438
2026-02-14 03:00:00,93135.83093595017,1.283554737740779,68981.99,0.5611245651278862
2026-02-14 04:00:00,92889.40126185131,1.283554737740779,68790.0,0.5591852812320292
2026-02-14 05:00:00,92868.11992429956,1.283554737740779,68773.42,0.6119259301869475
2026-02-14 06:00:00,93078.05813720445,1.283554737740779,68936.98,0.6248746759115797
2026-02-14 07:00:00,93440.3799685739,1.283554737740779,69219.26,0.6286013780996713
2026-02-14 08:00:00,94116.73630207904,1.283554737740779,69746.2,0.5931410407314865
2026-02-14 09:00:00,94076.59954542988,1.283554737740779,69714.93,0.310601269262283
2026-02-14 10:00:00,94021.3168428754,1.283554737740779,69671.86,0.38774514120202147
2026-02-14 11:00:00,95091.64746758269,1.283554737740779,70505.74,0.4484435641943535
2026-02-14 12:00:00,93980.67949987852,1.283554737740779,69640.2,0.28177552209676027
2026-02-14 13:00:00,93980.67949987852,0.0,69460.0,0.23993625809074565
2026-02-14 14:00:00,93980.67949987852,0.0,69701.66,0.2341128876449594
2026-02-14 15:00:00,93980.67949987852,0.0,69778.28,0.14367965738113128
2026-02-14 16:00:00,93980.67949987852,0.0,69755.1,0.17894807616282082
2026-02-14 17:00:00,93980.67949987852,0.0,69739.38,0.9673359131882597
2026-02-14 18:00:00,93980.67949987852,0.0,69772.31,0.9707205405962308
2026-02-14 19:00:00,93980.67949987852,0.0,69873.99,0.9437412579289305
2026-02-14 20:00:00,93980.67949987852,0.0,70023.09,0.8858378778954746
2026-02-14 21:00:00,93980.67949987852,0.0,69935.86,0.8738137309942327
2026-02-14 22:00:00,93980.67949987852,0.0,69959.75,0.894739103801072
2026-02-14 23:00:00,93980.67949987852,0.0,69822.95,0.8738281239687284
2026-02-15 00:00:00,93980.67949987852,0.0,69777.07,0.7560726878975446
2026-02-15 01:00:00,93980.67949987852,0.0,69717.65,0.7720504791648263
2026-02-15 02:00:00,93980.67949987852,0.0,69480.01,0.8297283497427782
2026-02-15 03:00:00,93980.67949987852,0.0,69954.5,0.8483929207398337
2026-02-15 04:00:00,93980.67949987852,0.0,70183.99,0.9566439762856593
2026-02-15 05:00:00,93980.67949987852,0.0,70267.61,0.8725318013636022
2026-02-15 06:00:00,93980.67949987852,0.0,70405.12,0.8842865941928646
2026-02-15 07:00:00,93980.67949987852,0.0,70828.42,0.9402724936043658
2026-02-15 08:00:00,93980.67949987852,0.0,70446.52,0.5136608906603133
2026-02-15 09:00:00,93980.67949987852,0.0,70419.11,0.2538115417876369
2026-02-15 10:00:00,93980.67949987852,0.0,70427.02,0.38290768980021583
2026-02-15 11:00:00,93980.67949987852,0.0,70295.22,0.4330353456732202
2026-02-15 12:00:00,93980.67949987852,0.0,69314.21,0.5173091212865437
2026-02-15 13:00:00,93980.67949987852,0.0,68930.0,0.7895435405058758
2026-02-15 14:00:00,93980.67949987852,0.0,69170.51,0.6151196241262761
2026-02-15 15:00:00,93980.67949987852,0.0,69099.99,0.3095821109920611
2026-02-15 16:00:00,93980.67949987852,0.0,69017.75,0.8172920344793048
2026-02-15 17:00:00,93980.67949987852,0.0,68641.21,0.7593654205834294
2026-02-15 18:00:00,93980.67949987852,0.0,68679.19,0.8874388855285414
